gen,best,mean,div_geno,selpres,sigma,event,immigrants
1,0.054007923918161074,0.04936285182036895,0.12453489511049193,1.7,0.125,damp,0
2,0.05637486027602914,0.05011671701179517,0.12576780563532788,1.7,0.12476953907815631,damp,0
3,0.05637486027602914,0.050576953252947685,0.12613170882036687,1.7,0.12453907815631263,damp,0
4,0.05637486027602914,0.05112615767520494,0.12749108393709987,1.7,0.12430861723446894,damp,0
5,0.0565703249704875,0.05164269573270204,0.12797109283272243,1.7,0.12407815631262525,damp,0
6,0.05884857605187191,0.052380385002069804,0.1270770133999344,1.7,0.12384769539078157,damp,0
7,0.05936775817332255,0.053566584035371054,0.1290206394532392,1.7,0.12361723446893788,damp,0
8,0.061722884224856917,0.05389802060714653,0.12965215191024845,1.7,0.1233867735470942,damp,0
9,0.061722884224856917,0.05497619954404581,0.1299789407961301,1.7,0.12315631262525051,damp,0
10,0.06756531490083278,0.05601641813051994,0.13041473670651504,1.7,0.12292585170340681,damp,0
11,0.06756531490083278,0.05612535097592105,0.13007052165053784,1.7,0.12269539078156312,damp,0
12,0.06820974474968762,0.0575427519791686,0.1286220544005935,1.7,0.12246492985971943,damp,0
13,0.0708114505272818,0.05793345435082485,0.13057408917948177,1.7,0.12223446893787575,damp,0
14,0.0708114505272818,0.058439150316929,0.1315708957920176,1.7,0.12200400801603206,damp,0
15,0.0708114505272818,0.059385625479231895,0.13246475289534512,1.7,0.12177354709418838,damp,0
16,0.0708114505272818,0.0601301271131538,0.13317371324340654,1.7,0.12154308617234469,damp,0
17,0.07216430469896659,0.060482830002684305,0.1327127551196486,1.7,0.121312625250501,damp,0
18,0.07216430469896659,0.061695468333371764,0.13106229367740363,1.7,0.12108216432865732,damp,0
19,0.07224027969610246,0.06264286683218992,0.1290749793112081,1.7,0.12085170340681363,damp,0
20,0.07224027969610246,0.06348318792428112,0.12859528967208525,1.7,0.12062124248496994,damp,0
21,0.07407337510757021,0.06506848990254337,0.126830420216034,1.7,0.12039078156312626,damp,0
22,0.07408794244339352,0.06546022645027666,0.12501545696115932,1.7,0.12016032064128257,damp,0
23,0.07408794244339352,0.065900058487886,0.12533986187378243,1.7,0.11992985971943888,damp,0
24,0.07449526362924537,0.0664956301629805,0.1269321470958267,1.7,0.1196993987975952,damp,0
25,0.07449526362924537,0.06700780238808791,0.1274103540944758,1.7,0.1194689378757515,damp,0
26,0.07450300910057571,0.06723748772492168,0.128058704189531,1.7,0.11923847695390781,damp,0
27,0.07450300910057571,0.06818506018021793,0.12883487909489327,1.7,0.11900801603206412,damp,0
28,0.07460892780317742,0.06867997753753116,0.12955243995388943,1.7,0.11877755511022044,damp,0
29,0.07736675417861867,0.06957445925390209,0.13018711238401673,1.7,0.11854709418837675,damp,0
30,0.07736675417861867,0.0702491523217067,0.13070106635823353,1.7,0.11831663326653306,damp,0
31,0.07823842802038912,0.07119951567785147,0.13023528676565765,1.7,0.11808617234468938,damp,0
32,0.07858844231408862,0.07142623508457586,0.13053445400726005,1.7,0.11785571142284569,damp,0
33,0.07858844231408862,0.07170442059030249,0.13169191168414368,1.7,0.117625250501002,damp,0
34,0.08068181567495715,0.07218921707836697,0.12977945336170513,1.7,0.11739478957915832,damp,0
35,0.08068181567495715,0.07335505428258274,0.129173660442051,1.7,0.11716432865731463,damp,0
36,0.08068181567495715,0.07384391418564111,0.12760347895145174,1.7,0.11693386773547094,damp,0
37,0.08246514688377453,0.07439226351542469,0.12674854100162428,1.7,0.11670340681362726,damp,0
38,0.0824733212526745,0.07444322856745782,0.12669890061680122,1.7,0.11647294589178357,damp,0
39,0.0824733212526745,0.07478015219582076,0.12769554937754052,1.7,0.11624248496993989,damp,0
40,0.0824733212526745,0.07467969286018375,0.12854450936529724,1.7,0.11601202404809619,damp,0
41,0.0824733212526745,0.07518802991958491,0.12931567808901248,1.7,0.11578156312625251,damp,0
42,0.0824733212526745,0.07601879964127042,0.12868719367006626,1.7,0.11555110220440881,damp,0
43,0.0824733212526745,0.07621813712290279,0.12899676683609007,1.7,0.11532064128256513,damp,0
44,0.08472178037044215,0.07681880507418845,0.129014997898941,1.7,0.11509018036072144,damp,0
45,0.08472178037044215,0.07754562973119392,0.12910507016454245,1.7,0.11485971943887775,damp,0
46,0.08538854960248753,0.0782668885878243,0.12958567848712302,1.7,0.11462925851703407,damp,0
47,0.08538854960248753,0.07832037361420749,0.13022093514685748,1.7,0.11439879759519038,damp,0
48,0.08538854960248753,0.07881004607018584,0.13037774392935716,1.7,0.1141683366733467,damp,0
49,0.08662790996653448,0.07954683455242342,0.1297813962171741,1.7,0.113937875751503,damp,0
50,0.08662790996653448,0.08019988025565153,0.12949318101566934,1.7,0.11370741482965932,damp,0
51,0.09001001951760682,0.08036072558985402,0.12910812374876066,1.7,0.11347695390781563,damp,0
52,0.09032267747181624,0.08070812706359096,0.1269453946009876,1.7,0.11324649298597195,damp,0
53,0.09032267747181624,0.08171704283185008,0.1261716200850693,1.7,0.11301603206412826,damp,0
54,0.09032267747181624,0.08160358293469887,0.12643647194313004,1.7,0.11278557114228457,damp,0
55,0.09032267747181624,0.08220506603990178,0.12654312714920932,1.7,0.11255511022044087,damp,0
56,0.09032267747181624,0.0821235734178439,0.12632036013309866,1.7,0.1123246492985972,damp,0
57,0.09032267747181624,0.08266835811841312,0.12625922283633753,1.7,0.1120941883767535,damp,0
58,0.0911280705356895,0.08304721204692146,0.12635893816530713,1.7,0.11186372745490981,damp,0
59,0.09156723445473869,0.08449549662702849,0.12504511509473412,1.7,0.11163326653306613,damp,0
60,0.09156723445473869,0.0852062037316674,0.12283868180166968,1.7,0.11140280561122244,damp,0
61,0.09266106227345007,0.08618706342610687,0.12299461868971191,1.7,0.11117234468937875,damp,0
62,0.09311570477851319,0.08652209427616553,0.122133017375283,1.7,0.11094188376753507,damp,0
63,0.09311570477851319,0.08667053339268552,0.12132453442461111,1.7,0.11071142284569138,damp,0
64,0.09311570477851319,0.0866829500503576,0.12223528210053504,1.7,0.1104809619238477,damp,0
65,0.09311570477851319,0.08731745532777199,0.12184188756775573,1.7,0.11025050100200401,damp,0
66,0.09431220675938726,0.08772059250861841,0.12192546365710606,1.7,0.11002004008016032,damp,0
67,0.09489149226617255,0.08811431851263284,0.12230344388166113,1.7,0.10978957915831664,damp,0
68,0.09489149226617255,0.08870580501861308,0.12222397672838002,1.7,0.10955911823647295,damp,0
69,0.09942201381292033,0.08919061216713245,0.12305253138561174,1.7,0.10932865731462926,damp,0
70,0.10079226917301919,0.09006503462529777,0.12203108819500487,1.7,0.10909819639278556,damp,0
71,0.10079226917301919,0.08990545920459811,0.12359034795237711,1.7,0.10886773547094189,damp,0
72,0.10079226917301919,0.09032384885135022,0.12247458515745573,1.7,0.10863727454909819,damp,0
73,0.10079226917301919,0.09167428313170577,0.11879105129219188,1.7,0.1084068136272545,damp,0
74,0.10079226917301919,0.09191184907192186,0.11345101707411823,1.7,0.21635270541082163,-,0
75,0.10079226917301919,0.09228954481016596,0.11282607523821087,1.7,0.21589178356713426,-,0
76,0.10079226917301919,0.09223400606832606,0.11260843942637913,1.7,0.2154308617234469,-,0
77,0.10079226917301919,0.09181047714187011,0.11454295854028458,1.7,0.21496993987975951,-,0
78,0.10079226917301919,0.09136417393348428,0.11594287435324824,1.7,0.10725450901803607,damp,0
79,0.10079226917301919,0.09163752651291468,0.11201184491102809,1.7,0.21404809619238477,-,0
80,0.10079226917301919,0.0909709561205339,0.11826358219834056,1.7,0.1067935871743487,damp,0
81,0.10079226917301919,0.09271427129099848,0.11498083526855278,1.7,0.21312625250501002,-,0
82,0.10079226917301919,0.09169623672134154,0.11648860736946341,1.7,0.10633266533066132,damp,0
83,0.10079226917301919,0.09271136917558694,0.11252322351949456,1.7,0.21220440881763528,-,0
84,0.10079226917301919,0.09275456581907102,0.11579629716003331,1.7,0.10587174348697395,damp,0
85,0.10079226917301919,0.0931334240131065,0.10928229124328684,1.7,0.2112825651302605,-,0
86,0.10079226917301919,0.09274261165713919,0.11314130909776487,1.7,0.21082164328657316,-,0
87,0.10079226917301919,0.09208518969270436,0.11332144883992336,1.7,0.21036072144288576,-,0
88,0.10079226917301919,0.09192263512237202,0.11218649796935266,1.7,0.20989979959919838,-,0
89,0.10079226917301919,0.0914639549961491,0.11220522446540314,1.7,0.209438877755511,-,0
90,0.10079226917301919,0.09180852153458943,0.11107618924460709,1.7,0.20897795591182364,-,0
91,0.10079226917301919,0.09165540011793713,0.11131340443109795,1.7,0.20851703406813626,-,0
92,0.10079226917301919,0.09178224779917535,0.11211149845801341,1.7,0.2080561122244489,-,0
93,0.10079226917301919,0.09158330454514774,0.11463104812935986,1.7,0.20759519038076152,-,0
94,0.10079226917301919,0.09136499384580175,0.11502661684693105,1.7,0.10356713426853707,damp,0
95,0.10106475519266306,0.09252634185109804,0.11079247192820893,1.7,0.20667334669338677,-,0
96,0.10106475519266306,0.09167088611715417,0.11270411432009869,1.7,0.2062124248496994,-,0
97,0.10106475519266306,0.09094255006084599,0.11687359909850162,1.7,0.10287575150300601,damp,0
98,0.10106475519266306,0.09141152638373327,0.11103103519487918,1.7,0.20529058116232465,-,0
99,0.10106475519266306,0.09076274148332265,0.11509021706380478,1.7,0.10241482965931864,damp,0
100,0.10106475519266306,0.09154438005362099,0.11186822435251047,1.7,0.20436873747494988,-,0
101,0.10106475519266306,0.09101067011811192,0.11761782879895376,1.7,0.10195390781563127,damp,0
102,0.10106475519266306,0.09148885657082659,0.11254473701060641,1.7,0.20344689378757513,-,0
103,0.10106475519266306,0.09188967193394179,0.11215716352654607,1.7,0.2029859719438878,-,0
104,0.10106475519266306,0.09156927224834621,0.11472078385558082,1.7,0.2025250501002004,-,0
105,0.10106475519266306,0.09132613787429725,0.11366750363946006,1.7,0.20206412825651304,-,0
106,0.10106475519266306,0.0908153363896527,0.11916900040450464,1.7,0.10080160320641282,damp,0
107,0.10106475519266306,0.09153239193899024,0.11373788254066605,1.7,0.20114228456913827,-,0
108,0.10106475519266306,0.09206449821358988,0.11291215817911703,1.7,0.2006813627254509,-,0
109,0.10106475519266306,0.09196145665970676,0.1144067608805761,1.7,0.20022044088176352,-,0
110,0.10106475519266306,0.09155480921869813,0.11704631528865157,1.7,0.09987975951903807,damp,0
111,0.10106475519266306,0.09214275177460719,0.11306541043792026,1.7,0.19929859719438878,-,0
112,0.10106475519266306,0.09177363227712221,0.11535054003486972,1.7,0.0994188376753507,damp,0
113,0.10106475519266306,0.09284000033726993,0.11133049053590773,1.7,0.19837675350701403,-,0
114,0.10106475519266306,0.09296565446632696,0.11449056457885898,1.7,0.19791583166332666,-,0
115,0.10106475519266306,0.09270054123556196,0.11551303979517397,1.7,0.09872745490981964,damp,0
116,0.10106475519266306,0.09375589447002156,0.11094137665994581,1.7,0.1969939879759519,-,0
117,0.1011383772327568,0.09339596978477403,0.11389857895902274,1.7,0.1965330661322645,-,0
118,0.1011383772327568,0.09297931687053311,0.11628755036201395,1.7,0.09803607214428858,damp,0
119,0.1011383772327568,0.09320122827645745,0.1140236809601771,1.7,0.19561122244488977,-,0
120,0.1011383772327568,0.09332643907399699,0.11553204663546734,1.7,0.09757515030060121,damp,0
121,0.1011383772327568,0.09388122261580323,0.1134474024900205,1.7,0.19468937875751502,-,0
122,0.1011383772327568,0.09319784247655635,0.11564688454363421,1.7,0.09711422845691382,damp,0
123,0.1011383772327568,0.093815838135844,0.1129873438166216,1.7,0.19376753507014027,-,0
124,0.1011383772327568,0.09314527126004266,0.11400956043682091,1.7,0.1933066132264529,-,0
125,0.1011383772327568,0.09273769195923373,0.11745864022254146,1.7,0.09642284569138276,damp,0
126,0.1011383772327568,0.09321654483571816,0.11639328370417108,1.7,0.09619238476953908,damp,0
127,0.1011383772327568,0.09397047926635403,0.11447781607000744,1.7,0.19192384769539078,-,0
128,0.1011383772327568,0.09371384814006131,0.11607193749539052,1.7,0.0957314629258517,damp,0
129,0.1011383772327568,0.09439811106645819,0.10922238960819246,1.7,0.19100200400801604,-,0
130,0.1011383772327568,0.09407780294118354,0.11185162486700499,1.7,0.19054108216432866,-,0
131,0.1011383772327568,0.0935897338771543,0.116775302755744,1.7,0.09504008016032064,damp,0
132,0.1011383772327568,0.09432101923150071,0.1145535292750905,1.7,0.18961923847695392,-,0
133,0.10249525808998132,0.0940156791024522,0.11763200210497103,1.7,0.09457915831663327,damp,0
134,0.10249525808998132,0.09456583031205759,0.11652356380984497,1.7,0.09434869739478957,damp,0
135,0.10258052676927105,0.09571965249429502,0.1157478912104133,1.7,0.0941182364729459,damp,0
136,0.10301084704784803,0.09663577790121942,0.115399047452958,1.7,0.0938877755511022,damp,0
137,0.10344971166178421,0.09716814231806065,0.11453322844289375,1.7,0.18731462925851705,-,0
138,0.10546230922610539,0.09783835209649083,0.11808044559115437,1.7,0.09342685370741483,damp,0
139,0.10546230922610539,0.09770285597052993,0.11722591697839957,1.7,0.09319639278557114,damp,0
140,0.10546230922610539,0.09822622256187641,0.11452664716507054,1.7,0.1859318637274549,-,0
141,0.10546230922610539,0.09780343867714017,0.11860809679115646,1.7,0.09273547094188377,damp,0
142,0.10546230922610539,0.09832184793317367,0.11907138190463207,1.7,0.09250501002004008,damp,0
143,0.10546230922610539,0.09861074265935792,0.11799952516439133,1.7,0.09227454909819639,damp,0
144,0.1055024937402853,0.09915629872597409,0.11720143137918519,1.7,0.0920440881763527,damp,0
145,0.10681829926480528,0.10000771288305846,0.11474587286973444,1.7,0.183627254509018,-,0
146,0.10681829926480528,0.10020422973163838,0.11761560468038201,1.7,0.09158316633266533,damp,0
147,0.10729063876077738,0.10074978600330955,0.11419930944981918,1.7,0.18270541082164327,-,0
148,0.10729063876077738,0.1007417169972332,0.1166594324548479,1.7,0.09112224448897796,damp,0
149,0.10729063876077738,0.10142353987095758,0.11382345146802196,1.7,0.18178356713426852,-,0
150,0.10729063876077738,0.10094433405815235,0.11731301563339008,1.7,0.09066132264529059,damp,0
151,0.10736815775702371,0.10168169603466319,0.11395784821614019,1.7,0.18086172344689377,-,0
152,0.10736815775702371,0.10098757288808477,0.11447756172825307,1.7,0.1804008016032064,-,0
153,0.10736815775702371,0.10047624712392089,0.11350539302073703,1.7,0.17993987975951903,-,0
154,0.10736815775702371,0.10013374543081344,0.11503989326321144,1.7,0.08973947895791584,damp,0
155,0.10736815775702371,0.09991145261003284,0.11320736801901453,1.7,0.17901803607214428,-,0
156,0.10736815775702371,0.0995344272106029,0.11344681115102362,1.7,0.1785571142284569,-,0
157,0.10736815775702371,0.10005740121485311,0.11030935870248396,1.7,0.17809619238476954,-,0
158,0.10736815775702371,0.09926074740295379,0.10957454662007005,1.7,0.17763527054108216,-,0
159,0.10736815775702371,0.09911113633079253,0.11094878091382514,1.7,0.1771743486973948,-,0
160,0.10736815775702371,0.09884692403669601,0.11181731335107963,1.7,0.17671342685370742,-,0
161,0.10736815775702371,0.09922872743200555,0.11263987847674484,1.7,0.17625250501002004,-,0
162,0.10736815775702371,0.0988336968840758,0.11448770303121832,1.7,0.17579158316633267,-,0
163,0.10736815775702371,0.09887315408790676,0.11430443643557768,1.7,0.1753306613226453,-,0
164,0.10736815775702371,0.09888417700927449,0.1131933777222922,1.7,0.1748697394789579,-,0
165,0.10736815775702371,0.09917537789186258,0.11161487856429086,1.7,0.17440881763527055,-,0
166,0.10736815775702371,0.09904182370375886,0.1086701188458737,1.7,0.17394789579158315,-,0
167,0.10736815775702371,0.09899295354228904,0.1082037624000925,1.7,0.1734869739478958,-,0
168,0.10736815775702371,0.09841511114182673,0.10989424651244191,1.7,0.1730260521042084,-,0
169,0.10736815775702371,0.09809483329146336,0.11217001194932438,1.7,0.17256513026052103,-,0
170,0.10736815775702371,0.09831724403986601,0.11336869688824816,1.7,0.17210420841683366,-,0
171,0.10736815775702371,0.09769484358209685,0.11436560034860292,1.7,0.1716432865731463,-,0
172,0.10736815775702371,0.09803298288587263,0.11347920309665642,1.7,0.1711823647294589,-,0
173,0.10736815775702371,0.09818671940574716,0.11214810450749028,1.7,0.17072144288577154,-,0
174,0.10736815775702371,0.09818072859081914,0.11043758717334189,1.7,0.17026052104208417,-,0
175,0.10736815775702371,0.09740645153058299,0.11185275371202572,1.7,0.16979959919839677,-,0
176,0.10736815775702371,0.09770890501965417,0.11159156056436789,1.7,0.16933867735470942,-,0
177,0.10736815775702371,0.09829449706037366,0.10932370163586173,1.7,0.16887775551102202,-,0
178,0.10736815775702371,0.09866121138037484,0.10796521679965808,1.7,0.16841683366733468,-,0
179,0.10736815775702371,0.09887185667539126,0.10614560202230511,1.7,0.16795591182364727,-,0
180,0.10736815775702371,0.09881459367463732,0.1072102033838458,1.7,0.16749498997995993,-,0
181,0.10736815775702371,0.09880703692758339,0.10374008272367596,1.7,0.16703406813627253,-,0
182,0.10736815775702371,0.09890301567953803,0.10215680355576802,1.7,0.16657314629258518,-,0
183,0.10736815775702371,0.09861965559086891,0.1040015284736298,1.7,0.16611222444889778,-,0
184,0.10736815775702371,0.09812077914807635,0.10256311137641094,1.7,0.16565130260521044,-,0
185,0.10736815775702371,0.09777828533961078,0.10476456705406277,1.7,0.16519038076152304,-,0
186,0.10736815775702371,0.09791667456724208,0.10464461133115828,1.7,0.1647294589178357,-,0
187,0.10736815775702371,0.09785294831638966,0.10828416388824526,1.7,0.1642685370741483,-,0
188,0.10736815775702371,0.09755432500731782,0.10962343826114229,1.7,0.16380761523046092,-,0
189,0.10736815775702371,0.09736700114465341,0.10939910324145544,1.7,0.16334669338677354,-,0
190,0.10736815775702371,0.09772553722709813,0.10780756102085627,1.7,0.16288577154308617,-,0
191,0.10736815775702371,0.09759760589259919,0.10770590680762068,1.7,0.1624248496993988,-,0
192,0.10736815775702371,0.09831384907718368,0.10847953745683468,1.7,0.16196392785571143,-,0
193,0.10736815775702371,0.09804684487547163,0.1059567651064331,1.7,0.16150300601202405,-,0
194,0.10736815775702371,0.09852496868058123,0.104364392914904,1.7,0.16104208416833665,-,0
195,0.10736815775702371,0.09823544771272066,0.10412797720644233,1.7,0.1605811623246493,-,0
196,0.10736815775702371,0.09803415363205402,0.10525973578937123,1.7,0.1601202404809619,-,0
197,0.10736815775702371,0.09845161305267222,0.10628366965676624,1.7,0.15965931863727456,-,0
198,0.10736815775702371,0.09845399073020059,0.10549124405837473,1.7,0.15919839679358716,-,0
199,0.10736815775702371,0.09886404097631203,0.10114443241461868,1.7,0.1587374749498998,-,0
200,0.10736815775702371,0.09873706312429856,0.10253102538831826,1.7,0.15827655310621241,-,0
201,0.10736815775702371,0.09907641613288634,0.09990510135685736,1.7,0.15781563126252504,-,0
202,0.10773201858476326,0.10011513914730252,0.09524788687503953,1.7,0.15735470941883767,-,0
203,0.10773201858476326,0.10037835217680739,0.09270065694100325,1.7,0.1568937875751503,-,0
204,0.10773201858476326,0.10034358285739535,0.09308853595638568,1.7,0.15643286573146292,-,0
205,0.10773201858476326,0.10066402667579619,0.09201045623301791,1.7,0.15597194388777555,-,0
206,0.10773201858476326,0.10117581894814229,0.08841579858506952,1.7,0.46653306613226453,boost,1
207,0.10773201858476326,0.0907625089385922,0.1449329993890208,1.7,0.07752505010020039,damp,0
208,0.10773201858476326,0.09572003261791133,0.12313554808729398,1.7,0.07729458917835672,damp,0
209,0.10773201858476326,0.09762863121157064,0.11013603687325244,1.7,0.15412825651302606,-,0
210,0.10773201858476326,0.09791715065595254,0.10915665561764334,1.7,0.15366733466933868,-,0
211,0.10773201858476326,0.09802973045138781,0.1082798001968434,1.7,0.15320641282565128,-,0
212,0.10773201858476326,0.09873243727205269,0.10702384147883812,1.7,0.15274549098196394,-,0
213,0.10773201858476326,0.09917465859640766,0.1051323053085877,1.7,0.15228456913827654,-,0
214,0.10773201858476326,0.09963711835024221,0.10431774290492714,1.7,0.1518236472945892,-,0
215,0.10797318842634872,0.09959671653884558,0.10650096660154816,1.7,0.1513627254509018,-,0
216,0.10797318842634872,0.09994804738706034,0.10502578933417556,1.7,0.15090180360721445,-,0
217,0.10797318842634872,0.1002610531620908,0.10416101134638904,1.7,0.15044088176352705,-,0
218,0.10797318842634872,0.10074294273243392,0.10665855421939552,1.7,0.14997995991983967,-,0
219,0.10797318842634872,0.10083964655798741,0.10541938259127705,1.7,0.1495190380761523,-,0
220,0.10797318842634872,0.10110628306219613,0.10768001345033544,1.7,0.14905811623246493,-,0
221,0.10797318842634872,0.10141669886227538,0.10576082427322506,1.7,0.14859719438877755,-,0
222,0.10797318842634872,0.10151805640384808,0.1060823890035063,1.7,0.14813627254509018,-,0
223,0.10797318842634872,0.10116070030266647,0.10797744368367719,1.7,0.1476753507014028,-,0
224,0.10797318842634872,0.10133757408535846,0.10712156044679573,1.7,0.1472144288577154,-,0
225,0.10797318842634872,0.10088709660744925,0.10979361382940189,1.7,0.14675350701402806,-,0
226,0.10797318842634872,0.10062075098034758,0.11224747336104042,1.7,0.14629258517034066,-,0
227,0.10797318842634872,0.10064125709054128,0.11437193767464522,1.7,0.14583166332665332,-,0
228,0.10797318842634872,0.10090750074215797,0.11612445714217916,1.7,0.07268537074148296,damp,0
229,0.10797318842634872,0.1010168800347683,0.11562885031176469,1.7,0.07245490981963928,damp,0
230,0.10797318842634872,0.10180193232377802,0.11331820604808795,1.7,0.14444889779559117,-,0
231,0.10797318842634872,0.1019021728911305,0.11446808113490888,1.7,0.1439879759519038,-,0
232,0.10855463416844054,0.10158985416258717,0.1148488297970957,1.7,0.14352705410821642,-,0
233,0.10855463416844054,0.10185684488090292,0.11474285052729885,1.7,0.14306613226452905,-,0
234,0.10855463416844054,0.10146968308602773,0.11612103955964284,1.7,0.07130260521042084,damp,0
235,0.10855463416844054,0.1021326654215198,0.11323580162170016,1.7,0.1421442885771543,-,0
236,0.10855463416844054,0.10199616423149893,0.1137688991602557,1.7,0.14168336673346693,-,0
237,0.10855463416844054,0.10234509819902105,0.11408972422061515,1.7,0.14122244488977956,-,0
238,0.10855463416844054,0.1023223427562769,0.11385369362207118,1.7,0.14076152304609219,-,0
239,0.10855463416844054,0.102399514317881,0.1129398168666929,1.7,0.1403006012024048,-,0
240,0.1091147131105259,0.10237629013596972,0.11266261798382383,1.7,0.13983967935871744,-,0
241,0.1091147131105259,0.10250073844979571,0.11286857066447684,1.7,0.13937875751503007,-,0
242,0.10988601330966759,0.10341334041532728,0.11179464750643049,1.7,0.1389178356713427,-,0
243,0.1125620177952476,0.10358428402256895,0.11332591314595161,1.7,0.1384569138276553,-,0
244,0.1125620177952476,0.10384719254599002,0.11604505217349785,1.7,0.06899799599198397,damp,0
245,0.1125620177952476,0.10450382935133382,0.11465468908645257,1.7,0.13753507014028055,-,0
246,0.1125620177952476,0.10520735060468027,0.11572304142105112,1.7,0.0685370741482966,damp,0
247,0.1125620177952476,0.10533268060634252,0.11300914666950952,1.7,0.1366132264529058,-,0
248,0.1125620177952476,0.10605039167603225,0.11249815403951482,1.7,0.13615230460921843,-,0
249,0.1125620177952476,0.10638643384651844,0.11116975397102047,1.7,0.13569138276553105,-,0
250,0.1125620177952476,0.1063826595761946,0.11100151909672373,1.7,0.13523046092184368,-,0
251,0.11394993786953213,0.10689787532556635,0.1083558433726014,1.7,0.1347695390781563,-,0
252,0.11394993786953213,0.10745050588909053,0.10750871855899319,1.7,0.13430861723446896,-,0
253,0.11394993786953213,0.10747157825405784,0.10574994635251928,1.7,0.13384769539078156,-,0
254,0.11394993786953213,0.10786141191439994,0.10695431741627834,1.7,0.1333867735470942,-,0
255,0.11394993786953213,0.10792373176381811,0.1065086786301065,1.7,0.13292585170340682,-,0
256,0.11394993786953213,0.10854502748714104,0.10430475642783263,1.7,0.13246492985971944,-,0
257,0.11394993786953213,0.10851415600195571,0.10311932547880465,1.7,0.13200400801603207,-,0
258,0.11394993786953213,0.10812365854618848,0.10534643949864747,1.7,0.1315430861723447,-,0
259,0.11394993786953213,0.10811139688004512,0.10546239304853282,1.7,0.13108216432865732,-,0
260,0.11394993786953213,0.10821019472762154,0.10692313403577233,1.7,0.13062124248496992,-,0
261,0.11394993786953213,0.10845206164159149,0.10809242348518726,1.7,0.13016032064128258,-,0
262,0.11394993786953213,0.10876506141589823,0.10883736747594865,1.7,0.12969939879759518,-,0
263,0.11394993786953213,0.10844638137650935,0.10937303985114001,1.7,0.12923847695390783,-,0
264,0.11394993786953213,0.10845361965280412,0.11147854167803609,1.7,0.12877755511022043,-,0
265,0.11394993786953213,0.1086425888197341,0.11212886196732658,1.7,0.1283166332665331,-,0
266,0.11394993786953213,0.10878370933335746,0.11193640556554725,1.7,0.12785571142284569,-,0
267,0.11394993786953213,0.10894720822360124,0.11133323073764774,1.7,0.1273947895791583,-,0
268,0.11394993786953213,0.10886954343267671,0.11125981018837848,1.7,0.12693386773547094,-,0
269,0.11394993786953213,0.10934046644242752,0.11252994491123605,1.7,0.12647294589178357,-,0
270,0.11394993786953213,0.10916968349675502,0.11395922094245844,1.7,0.1260120240480962,-,0
271,0.11394993786953213,0.10958488480543008,0.11352324997490529,1.7,0.12555110220440882,-,0
272,0.11438133702304365,0.10946257330201399,0.11281294626903822,1.7,0.12509018036072145,-,0
273,0.11438133702304365,0.10908804761460252,0.11466762473753675,1.7,0.12462925851703407,-,0
274,0.11438133702304365,0.10905997253593962,0.11603157039794752,1.7,0.06208416833667335,damp,0
275,0.11438133702304365,0.10962655605326528,0.11573073089062696,1.7,0.06185370741482965,damp,0
276,0.11438133702304365,0.11047720189874943,0.11276829717484269,1.7,0.12324649298597193,-,0
277,0.11442750203804125,0.11042786701815144,0.11318364334019831,1.7,0.12278557114228456,-,0
278,0.11442750203804125,0.11019864807699924,0.11405173861077973,1.7,0.12232464929859718,-,0
279,0.11493948738682272,0.11048045282123464,0.11498819981325854,1.7,0.12186372745490981,-,0
280,0.11513614491148251,0.11105742952702521,0.1158140868297916,1.7,0.06070140280561122,damp,0
281,0.11950120391954534,0.11176492628110588,0.1149522264520604,1.7,0.12094188376753506,-,0
282,0.11950120391954534,0.11167011605361228,0.11681594781415475,1.7,0.060240480961923845,damp,0
283,0.11950120391954534,0.11241365031015302,0.1147213563614026,1.7,0.12002004008016032,-,0
284,0.11950120391954534,0.11228543338512434,0.11657440157532804,1.7,0.05977955911823647,damp,0
285,0.11950120391954534,0.11290920130373631,0.11511578104117834,1.7,0.059549098196392786,damp,0
286,0.11950120391954534,0.11398721033626262,0.11278289054967888,1.7,0.1186372745490982,-,0
287,0.11950120391954534,0.1135401197581917,0.11415831747022404,1.7,0.11817635270541083,-,0
288,0.11950120391954534,0.11358052301535178,0.11477155009758226,1.7,0.11771543086172342,-,0
289,0.11950120391954534,0.11395087696107609,0.11497713111662325,1.7,0.11725450901803605,-,0
290,0.11950120391954534,0.11417842419067478,0.11547454784139354,1.7,0.05839679358717434,damp,0
291,0.11950120391954534,0.11502052026180669,0.11200778876202246,1.7,0.1163326653306613,-,0
292,0.11950120391954534,0.11484998315077007,0.11113477450117105,1.7,0.11587174348697393,-,0
293,0.12015215202597532,0.11519475322771097,0.11128697883270938,1.7,0.11541082164328656,-,0
294,0.12015215202597532,0.11526211978014347,0.10995747136655933,1.7,0.11494989979959919,-,0
295,0.12015215202597532,0.11519628545061593,0.11034276913592551,1.7,0.11448897795591181,-,0
296,0.12015215202597532,0.11518548392987056,0.11158822618266923,1.7,0.11402805611222444,-,0
297,0.12244349619969408,0.11572529049637514,0.11202978022946777,1.7,0.11356713426853707,-,0
298,0.12244349619969408,0.11532723401325887,0.11321910352567721,1.7,0.1131062124248497,-,0
299,0.12244349619969408,0.11526381907566075,0.11424201781168415,1.7,0.11264529058116232,-,0
300,0.12244349619969408,0.11590637636570325,0.1134866312101618,1.7,0.11218436873747492,-,0
301,0.12244349619969408,0.11602962700707269,0.1127976373908473,1.7,0.11172344689378755,-,0
302,0.12244349619969408,0.11614440639729491,0.11151460624997013,1.7,0.11126252505010018,-,0
303,0.12244349619969408,0.11666240442723694,0.11084660111184111,1.7,0.1108016032064128,-,0
304,0.12244349619969408,0.11660752335594834,0.11123408827998124,1.7,0.11034068136272543,-,0
305,0.12244349619969408,0.11675396091783988,0.11227369910010904,1.7,0.10987975951903806,-,0
306,0.12244349619969408,0.1167299104131437,0.11313030457391648,1.7,0.10941883767535071,-,0
307,0.12252124600411421,0.11721443666105055,0.11131617464354485,1.7,0.10895791583166334,-,0
308,0.12253575321255723,0.11729197780778207,0.11041734721954762,1.7,0.10849699398797596,-,0
309,0.12253575321255723,0.11750644253184635,0.10837967781734997,1.7,0.10803607214428859,-,0
310,0.12253575321255723,0.11738143501887718,0.10825000961823643,1.7,0.10757515030060122,-,0
311,0.1226123476425745,0.11715228892128397,0.10778280153334446,1.7,0.10711422845691382,-,0
312,0.1226123476425745,0.11706386049238238,0.10849123560166565,1.7,0.10665330661322645,-,0
313,0.12384989963529318,0.1177458379634313,0.10811813948207577,1.7,0.10619238476953907,-,0
314,0.12384989963529318,0.11767523774522926,0.1079266024554896,1.7,0.1057314629258517,-,0
315,0.12384989963529318,0.11765137073643499,0.1077567146666005,1.7,0.10527054108216433,-,0
316,0.12384989963529318,0.11802313657292926,0.10747464667838919,1.7,0.10480961923847695,-,0
317,0.12384989963529318,0.11819108259598435,0.10671146783826038,1.7,0.10434869739478958,-,0
318,0.12384989963529318,0.11848865483185363,0.10721603660709175,1.7,0.10388777555110221,-,0
319,0.12464479311345096,0.11900525800801529,0.10775540196548572,1.7,0.10342685370741483,-,0
320,0.12464479311345096,0.11891638041812946,0.10849285218899332,1.7,0.10296593186372746,-,0
321,0.12464479311345096,0.11881925383411533,0.10790032625918192,1.7,0.10250501002004009,-,0
322,0.12464479311345096,0.11881377729511108,0.10719405915543678,1.7,0.10204408817635272,-,0
323,0.12464479311345096,0.11892479247025338,0.10745270488500577,1.7,0.10158316633266534,-,0
324,0.12464479311345096,0.1194218089191621,0.10665088542534276,1.7,0.10112224448897794,-,0
325,0.12479622971818158,0.11979717602794224,0.10432149326206934,1.7,0.10066132264529057,-,0
326,0.12479622971818158,0.11952096419929062,0.10491774110884208,1.7,0.1002004008016032,-,0
327,0.12507865059744439,0.11958632831279414,0.10468734014548817,1.7,0.09973947895791582,-,0
328,0.12507865059744439,0.1199126872687906,0.10438806789446006,1.7,0.09927855711422845,-,0
329,0.12554086712720477,0.1203530292449285,0.10360500726544732,1.7,0.09881763527054108,-,0
330,0.12554086712720477,0.12037284953451229,0.10442856629211877,1.7,0.0983567134268537,-,0
331,0.12554086712720477,0.120402181177322,0.10504522873542277,1.7,0.09789579158316633,-,0
332,0.12554086712720477,0.12042836632550244,0.10591906403775606,1.7,0.09743486973947896,-,0
333,0.12557287135966902,0.12061587255160351,0.10549469071653865,1.7,0.09697394789579158,-,0
334,0.12606180616912815,0.12069824329303906,0.10417806138119735,1.7,0.09651302605210421,-,0
335,0.12606180616912815,0.12083233313865112,0.10490435790459726,1.7,0.09605210420841684,-,0
336,0.12606180616912815,0.12094690611283573,0.10488240145776401,1.7,0.09559118236472944,-,0
337,0.12606180616912815,0.1211762545246761,0.1046152594731614,1.7,0.09513026052104206,-,0
338,0.12650801992869665,0.12130457403006441,0.10404866961022495,1.7,0.09466933867735469,-,0
339,0.12670955406757187,0.12156928089448701,0.10363328294693952,1.7,0.09420841683366732,-,0
340,0.12670955406757187,0.12209561300001548,0.10323752043054857,1.7,0.09374749498997995,-,0
341,0.12733872053337109,0.12232705894299185,0.10182319345682818,1.7,0.09328657314629257,-,0
342,0.12733872053337109,0.12218948476556876,0.10113496612484162,1.7,0.0928256513026052,-,0
343,0.12733872053337109,0.12277173795589276,0.09905519278362226,1.7,0.09236472945891783,-,0
344,0.12733872053337109,0.12303936866864111,0.09889891166898374,1.7,0.09190380761523045,-,0
345,0.12733872053337109,0.12314670698806854,0.09905917210271899,1.7,0.09144288577154308,-,0
346,0.12733872053337109,0.12324026524039373,0.09894209464120836,1.7,0.09098196392785571,-,0
347,0.12733872053337109,0.12295156695434217,0.09959450985582849,1.7,0.09052104208416833,-,0
348,0.12733872053337109,0.12319894191941409,0.09942039840351595,1.7,0.09006012024048096,-,0
349,0.12805679862918332,0.1228940258087389,0.09900977454428388,1.7,0.08959919839679356,-,0
350,0.12805679862918332,0.12345463017089194,0.09799429066134548,1.7,0.08913827655310619,-,0
351,0.1282364283816045,0.12330299734549569,0.09684944498426735,1.7,0.08867735470941882,-,0
352,0.1282364283816045,0.12326124253980683,0.09599484221537491,1.7,0.08821643286573144,-,0
353,0.1282364283816045,0.12362941931145714,0.09532502737283452,1.7,0.08775551102204407,-,0
354,0.1282364283816045,0.12367908339020492,0.09553910816655879,1.7,0.0872945891783567,-,0
355,0.12873166014428247,0.12352408247365006,0.09517429663037598,1.7,0.08683366733466932,-,0
356,0.12873166014428247,0.12379349304406821,0.09396909094341065,1.7,0.08637274549098195,-,0
357,0.12873166014428247,0.12421930992408906,0.09019809508445105,1.7,0.08591182364729458,-,0
358,0.12886217877843126,0.12429023076594665,0.08887617119415094,1.7,0.2563527054108216,boost,1
359,0.12886217877843126,0.11539718586985992,0.1437236193646365,1.7,0.042494989979959916,damp,0
360,0.1292252086832859,0.12057340010377209,0.11219447058658964,1.7,0.08452905811623246,-,0
361,0.1292252086832859,0.1230522048437043,0.1004101290803291,1.7,0.08406813627254506,-,0
362,0.1292252086832859,0.1235750323979665,0.09557657719326267,1.7,0.08360721442885771,-,0
363,0.12993326791690984,0.12402501509243984,0.0950116808045027,1.7,0.08314629258517034,-,0
364,0.12993326791690984,0.12415621215659858,0.09423683387653682,1.7,0.08268537074148297,-,0
365,0.12993326791690984,0.12446713869254707,0.09490505042018962,1.7,0.0822244488977956,-,0
366,0.12993326791690984,0.12492047964190856,0.09402183795415367,1.7,0.08176352705410822,-,0
367,0.12993326791690984,0.1252060719324959,0.09248097833573564,1.7,0.08130260521042085,-,0
368,0.12993326791690984,0.12579376249192095,0.08766106660392414,1.7,0.24252505010020042,boost,0
369,0.12993326791690984,0.12412072021434613,0.09753327122164443,1.7,0.0803807615230461,-,0
370,0.12993326791690984,0.12445501124186946,0.09474767885952252,1.7,0.07991983967935873,-,0
371,0.12993326791690984,0.12458929511159293,0.09257728918101048,1.7,0.07945891783567136,-,0
372,0.130266907858164,0.12551888038264442,0.08669630922469587,1.7,0.23699398797595186,boost,0
373,0.130266907858164,0.1240517478201327,0.0969822341633416,1.7,0.07853707414829658,-,0
374,0.130266907858164,0.12466250934230802,0.09500328407294972,1.7,0.07807615230460921,-,0
375,0.130266907858164,0.12487295201694068,0.09233841489595701,1.7,0.07761523046092184,-,0
376,0.130266907858164,0.12518272388373264,0.08761178726747283,1.7,0.2314629258517034,boost,1
377,0.130266907858164,0.11641177848236595,0.14373232441661007,1.7,0.038346693386773545,damp,0
378,0.130266907858164,0.12020624128304513,0.12167424950896338,1.7,0.03811623246492986,damp,0
379,0.130266907858164,0.12458620957741003,0.09352501264092877,1.7,0.07577154308617234,-,0
380,0.130266907858164,0.12518574057828072,0.08753671676956505,1.7,0.2259318637274549,boost,0
381,0.130266907858164,0.1246410715549269,0.09387209673929084,1.7,0.0748496993987976,-,0
382,0.130266907858164,0.12466673696377617,0.09167014760530373,1.7,0.07438877755511022,-,0
383,0.130266907858164,0.1253506813586796,0.08875377365543378,1.7,0.22178356713426856,boost,0
384,0.130266907858164,0.123892981326531,0.09722727258608414,1.7,0.07346693386773548,-,0
385,0.130266907858164,0.12423192611672518,0.09282675405273491,1.7,0.07300601202404808,-,0
386,0.13028919603437408,0.12536699491121858,0.08425644782859,1.7,0.21763527054108212,boost,0
387,0.13028919603437408,0.12427183694375232,0.0911037421217439,1.7,0.07208416833667333,-,0
388,0.13028919603437408,0.12432834732686715,0.0906506923858699,1.7,0.07162324649298596,-,0
389,0.13028919603437408,0.12455829253496072,0.08697585034904878,1.7,0.21348697394789576,boost,0
390,0.13028919603437408,0.12382963211166106,0.09202448939854636,1.7,0.07070140280561121,-,0
391,0.13028919603437408,0.12434175538332774,0.08721174744794134,1.7,0.21072144288577152,boost,1
392,0.13028919603437408,0.11610066187261707,0.141086722007185,1.7,0.034889779559118234,damp,0
393,0.13028919603437408,0.1154221261195415,0.13980392140057,1.7,0.03465931863727455,damp,0
394,0.13028919603437408,0.12279362735994455,0.10010894272934037,1.7,0.06885771543086172,-,0
395,0.13028919603437408,0.12450468566007618,0.08552131083420089,1.7,0.20519038076152304,boost,0
396,0.13028919603437408,0.12396553985837248,0.08762332783200223,1.7,0.20380761523046093,boost,0
397,0.13028919603437408,0.12296637586563382,0.09392941827962695,1.7,0.06747494989979957,-,0
398,0.13028919603437408,0.12375544737067914,0.09120414710104881,1.7,0.0670140280561122,-,0
399,0.13028919603437408,0.12457688275457993,0.08718853480953921,1.7,0.19965931863727449,boost,0
400,0.13028919603437408,0.1237275381463836,0.09310822995383895,1.7,0.06609218436873746,-,0
401,0.13028919603437408,0.12391362644728113,0.08894572429003343,1.7,0.19689378757515025,boost,0
402,0.13028919603437408,0.12319095497540138,0.09259170295895154,1.7,0.06517034068136271,-,0
403,0.13028919603437408,0.12379573764500318,0.08768004105178416,1.7,0.194128256513026,boost,0
404,0.13028919603437408,0.12346305756091183,0.08977640119056712,1.7,0.1927454909819639,boost,0
405,0.13028919603437408,0.12339757223863493,0.09310220761077553,1.7,0.06378757515030059,-,0
406,0.13028919603437408,0.1240134723878108,0.08950239074859963,1.7,0.18997995991983965,boost,1
407,0.13028919603437408,0.11566122070968335,0.1434646000838503,1.7,0.03143286573146292,damp,0
408,0.13028919603437408,0.12273632302342011,0.09963584684727857,1.7,0.06240480961923847,-,0
409,0.13104411487888096,0.12391124756266483,0.09233998308920613,1.7,0.0619438877755511,-,0
410,0.13104411487888096,0.12516762170546827,0.07952248916701796,1.7,0.1844488977955911,boost,0
411,0.13104411487888096,0.12459274517336219,0.0834200466008166,1.7,0.18306613226452897,boost,0
412,0.13104411487888096,0.12367941490895977,0.08837903530187038,1.7,0.18168336673346686,boost,0
413,0.13104411487888096,0.12337933482166248,0.09102952607876585,1.7,0.06010020040080158,-,0
414,0.13104411487888096,0.12351842549232202,0.0878509591183338,1.7,0.17891783567134262,boost,0
415,0.13104411487888096,0.12317828498404286,0.08908623180904394,1.7,0.1775350701402805,boost,0
416,0.13104411487888096,0.12319455983596664,0.08879935594995435,1.7,0.17615230460921838,boost,0
417,0.13104411487888096,0.12280960712127124,0.08963626187145907,1.7,0.17476953907815634,boost,0
418,0.13104411487888096,0.12270912777179195,0.08970912682859444,1.7,0.17338677354709423,boost,0
419,0.13104411487888096,0.1221630200590909,0.09237117951693263,1.7,0.05733466933867737,-,0
420,0.13104411487888096,0.12282004932379245,0.0896576650836154,1.7,0.17062124248497,boost,0
421,0.13104411487888096,0.12270265675006416,0.089823912303276,1.7,0.16923847695390778,boost,1
422,0.13104411487888096,0.1151694563670144,0.1412632581122308,1.7,0.02797595190380761,damp,0
423,0.13104411487888096,0.11778121801217598,0.12433596084112737,1.7,0.027745490981963924,damp,0
424,0.13104411487888096,0.12142842524774693,0.0974665280667736,1.7,0.055030060120240476,-,0
425,0.13104411487888096,0.12336908863318752,0.0841649517446952,1.7,0.1637074148296593,boost,0
426,0.13104411487888096,0.12360307762383342,0.0815508705395362,1.7,0.1623246492985972,boost,0
427,0.13104411487888096,0.12351962028107125,0.08291238782502226,1.7,0.16094188376753507,boost,0
428,0.13104411487888096,0.12315797808072218,0.08454602140841765,1.7,0.15955911823647295,boost,0
429,0.13104411487888096,0.12353320320321037,0.08260444518022995,1.7,0.15817635270541083,boost,0
430,0.13104411487888096,0.12317961972118954,0.08466947362455009,1.7,0.15679358717434871,boost,0
431,0.13104411487888096,0.12243448039631799,0.08959424555748613,1.7,0.1554108216432866,boost,0
432,0.13104411487888096,0.12203691562212522,0.0926867231609269,1.7,0.05134268537074149,-,0
433,0.13104411487888096,0.12259695888798147,0.08918736505866477,1.7,0.15264529058116227,boost,0
434,0.13104411487888096,0.12263523879959506,0.09183571739636313,1.7,0.05042084168336672,-,0
435,0.13104411487888096,0.12353037924058881,0.08715495835378813,1.7,0.14987975951903804,boost,0
436,0.13104411487888096,0.12361567230083045,0.08590368796071159,1.7,0.14849699398797592,boost,1
437,0.13104411487888096,0.1164412644456188,0.1373124791784542,1.7,0.0245190380761523,damp,0
438,0.13104411487888096,0.12156563684868349,0.10770347619413445,1.7,0.048577154308617226,-,0
439,0.13104411487888096,0.12385525477832911,0.0863401549344468,1.7,0.14434869739478956,boost,0
440,0.13104411487888096,0.1241047723410588,0.07915731454189351,1.7,0.14296593186372744,boost,0
441,0.13104411487888096,0.12404659487018861,0.08147342482654378,1.7,0.14158316633266532,boost,0
442,0.13104411487888096,0.12416782361452547,0.08027325327256837,1.7,0.1402004008016032,boost,0
443,0.13104411487888096,0.12411539674786272,0.08021889345019069,1.7,0.13881763527054108,boost,0
444,0.13104411487888096,0.12410422965447691,0.08053117089983718,1.7,0.13743486973947897,boost,0
445,0.13104411487888096,0.12395859583776898,0.08060810969587748,1.7,0.13605210420841685,boost,0
446,0.13104411487888096,0.12412969831481932,0.0817954576360748,1.7,0.13466933867735464,boost,0
447,0.13104411487888096,0.12458350792967339,0.08165660284931946,1.7,0.13328657314629253,boost,0
448,0.13104411487888096,0.12428088254010941,0.08368431268007441,1.7,0.1319038076152304,boost,0
449,0.13104411487888096,0.12410241434128869,0.08326394381911068,1.7,0.1305210420841683,boost,0
450,0.13104411487888096,0.12438734438084151,0.08183240557184682,1.7,0.12913827655310617,boost,0
451,0.13104411487888096,0.1248405121206924,0.08103020584456914,1.7,0.12775551102204405,boost,1
452,0.13104411487888096,0.11741714746204028,0.13349416181614931,1.7,0.02106212424849699,damp,0
453,0.13104411487888096,0.12448893627368492,0.08679152868656624,1.7,0.12498997995991981,boost,0
454,0.13104411487888096,0.12522801746171125,0.07598893831852772,1.7,0.12360721442885769,boost,0
455,0.13104411487888096,0.12529749258539105,0.07779052450463948,1.7,0.12222444889779557,boost,0
456,0.13104411487888096,0.12515240288491633,0.07775565272135489,1.7,0.12084168336673345,boost,0
457,0.13104411487888096,0.12519489125372568,0.07932610939652515,1.7,0.11945891783567134,boost,0
458,0.13104411487888096,0.125443204881996,0.07857357564106436,1.7,0.11807615230460913,boost,0
459,0.13104411487888096,0.12519667772858883,0.07887228372394145,1.7,0.11669338677354701,boost,0
460,0.13104411487888096,0.12518084926765108,0.08007712679393372,1.7,0.1153106212424849,boost,0
461,0.13104411487888096,0.1253799199710966,0.07831557460389986,1.7,0.11392785571142278,boost,0
462,0.13104411487888096,0.12542902564670105,0.07814654636146673,1.7,0.11254509018036066,boost,0
463,0.13104411487888096,0.12549482902719802,0.07913471749358938,1.7,0.11116232464929854,boost,0
464,0.13104411487888096,0.1253411513842321,0.07917567948531946,1.7,0.10977955911823642,boost,0
465,0.13104411487888096,0.12574589702266126,0.07829499090917377,1.7,0.1083967935871743,boost,0
466,0.13104411487888096,0.1260208020287474,0.07585662633627273,1.7,0.10701402805611218,boost,1
467,0.13104411487888096,0.11854741631233437,0.13156701753132696,1.7,0.017605210420841677,damp,0
468,0.13104411487888096,0.12275351956084682,0.10268253398690916,1.7,0.03474949899799598,-,0
469,0.13104411487888096,0.1253251790153877,0.08844820098714119,1.7,0.10286573146292582,boost,0
470,0.13104411487888096,0.1270320056254226,0.07184516907044737,1.7,0.1014829659318637,boost,0
471,0.13104411487888096,0.12700777841963007,0.07295798533213978,1.7,0.1001002004008015,boost,0
472,0.13104411487888096,0.12684527089985959,0.07476424451331405,1.7,0.09871743486973938,boost,0
473,0.13104411487888096,0.12715812261239295,0.07482206942075209,1.7,0.09733466933867735,boost,0
474,0.13104411487888096,0.12719586964688276,0.07434691216014928,1.7,0.09595190380761523,boost,0
475,0.13139927386234201,0.12774675812601322,0.07490798579343837,1.7,0.09456913827655311,boost,0
476,0.13139927386234201,0.12789920202707736,0.07440642230076354,1.7,0.09318637274549099,boost,0
477,0.13139927386234201,0.12785457389834415,0.07420630068811107,1.7,0.09180360721442887,boost,0
478,0.13139927386234201,0.12785061187410154,0.07425223589675943,1.7,0.09042084168336675,boost,0
479,0.13139927386234201,0.1279359244964809,0.07511756852935667,1.7,0.08903807615230463,boost,0
480,0.13139927386234201,0.12787660814961527,0.0751544997604745,1.7,0.08765531062124252,boost,0
481,0.131675482558895,0.12795849231649187,0.074950470242204,1.7,0.0862725450901804,boost,1
482,0.1319948824137054,0.12059889044896646,0.13033546680755026,1.7,0.014148296593186366,damp,0
483,0.13229680226731355,0.12753305506789323,0.08389230189645931,1.7,0.08350701402805608,boost,0
484,0.13229680226731355,0.1287483759314234,0.07252868070121737,1.7,0.08212424849699396,boost,0
485,0.13229680226731355,0.12913295725784008,0.07285571843456864,1.7,0.08074148296593184,boost,0
486,0.13274697695383453,0.12926377446977871,0.07331447472858324,1.7,0.07935871743486972,boost,0
487,0.1328870532205994,0.12965142217815367,0.07295941211195976,1.7,0.0779759519038076,boost,0
488,0.1328870532205994,0.12951117896148354,0.07310407520859788,1.7,0.07659318637274548,boost,0
489,0.13305928932419803,0.12979178765681212,0.07291446476375626,1.7,0.07521042084168336,boost,0
490,0.13354645518847572,0.1298879349706376,0.07269643600546691,1.7,0.07382765531062124,boost,0
491,0.13354645518847572,0.1300288117941207,0.0733433883566076,1.7,0.07244488977955912,boost,0
492,0.13354645518847572,0.12981936263136426,0.07389907087568481,1.7,0.071062124248497,boost,0
493,0.13354645518847572,0.13017600542279367,0.07404559086886685,1.7,0.06967935871743489,boost,0
494,0.13354645518847572,0.1304188050576653,0.07404689068987214,1.7,0.06829659318637268,boost,0
495,0.13355149970232238,0.13062800409169445,0.07379383494837291,1.7,0.06691382765531056,boost,0
496,0.13399777513261527,0.1309044149225275,0.07382503440229296,1.7,0.06553106212424845,boost,1
497,0.13399777513261527,0.12288591751473918,0.1319960438056578,1.7,0.010691382765531054,damp,0
498,0.13399777513261527,0.1285814038713719,0.09481753239819671,1.7,0.020921843687374736,-,0
499,0.13601744249941985,0.12926322407936436,0.08940699021464092,1.7,0.06138276553106209,boost,0
500,0.13601744249941985,0.13148694949965728,0.07528614361781626,1.7,0.05999999999999997,boost,0
